timestamp_ms,frametime_ms,fps
1757230055684,2.763,361.91
1757230055692,8.338,119.93
1757230055699,8.310,120.34
1757230055708,8.393,119.15
1757230055718,9.551,104.71
1757230055726,8.026,124.59
1757230055734,7.995,125.07
1757230055742,8.309,120.35
1757230055751,8.315,120.26
1757230055759,8.354,119.70
1757230055768,9.142,109.38
1757230055776,7.651,130.70
1757230055784,8.246,121.27
1757230055793,8.916,112.16
1757230055801,7.824,127.81
1757230055809,8.621,115.99
1757230055819,10.000,100.00
1757230055827,7.377,135.56
1757230055836,9.103,109.86
1757230055843,7.919,126.28
1757230055852,8.339,119.92
1757230055860,8.362,119.59
1757230055870,9.823,101.80
1757230055877,7.253,137.88
1757230055886,8.317,120.24
1757230055894,8.625,115.94
1757230055903,8.046,124.29
1757230055912,8.850,112.99
1757230055921,8.899,112.38
1757230055928,7.570,132.10
1757230055936,8.284,120.71
1757230055945,8.476,117.98
1757230055953,8.194,122.05
1757230055961,8.298,120.51
1757230055970,9.146,109.34
1757230055979,8.727,114.59
1757230055987,8.623,115.96
1757230055996,8.246,121.27
1757230056004,8.329,120.07
1757230056013,8.339,119.92
1757230056022,9.656,103.57
1757230056029,7.546,132.53
1757230056038,8.191,122.09
1757230056046,8.346,119.82
1757230056054,8.375,119.41
1757230056063,8.601,116.27
1757230056072,9.193,108.77
1757230056081,8.272,120.89
1757230056089,8.524,117.32
1757230056098,8.287,120.67
1757230056106,8.327,120.09
1757230056114,8.342,119.87
1757230056124,9.650,103.62
1757230056131,7.158,139.70
1757230056140,9.010,110.99
1757230056149,8.770,114.03
1757230056157,8.608,116.17
1757230056168,10.146,98.56
1757230056175,7.831,127.69
1757230056183,8.245,121.29
1757230056192,8.700,114.95
1757230056201,9.273,107.84
1757230056210,7.997,125.05
1757230056219,9.029,110.75
1757230056226,7.584,131.85
1757230056234,8.386,119.25
1757230056243,8.638,115.77
1757230056252,8.153,122.65
1757230056259,8.331,120.03
1757230056268,9.062,110.35
1757230056277,7.711,129.68
1757230056285,8.591,116.41
1757230056293,8.049,124.24
1757230056302,8.260,121.07
1757230056310,8.349,119.77
1757230056319,9.034,110.69
1757230056327,8.439,118.49
1757230056336,8.286,120.68
1757230056343,8.337,119.94
1757230056352,8.338,119.94
1757230056361,8.328,120.07
1757230056369,9.087,110.05
1757230056378,7.891,126.73
1757230056385,8.305,120.40
1757230056394,8.097,123.50
1757230056402,8.327,120.10
1757230056412,9.156,109.22
1757230056419,8.847,113.03
1757230056428,7.584,131.85
1757230056436,8.335,119.98
1757230056444,8.336,119.96
1757230056453,8.798,113.67
1757230056462,8.358,119.65
1757230056471,9.112,109.75
1757230056478,7.662,130.51
1757230056486,8.258,121.09
1757230056495,8.482,117.90
1757230056504,8.410,118.91
1757230056512,8.769,114.04
1757230056522,9.841,101.62
1757230056530,7.498,133.38
1757230056538,8.341,119.89
1757230056546,8.398,119.08
1757230056554,8.220,121.66
1757230056563,8.727,114.59
1757230056572,8.989,111.25
1757230056580,7.637,130.95
1757230056588,8.597,116.32
1757230056597,8.333,120.01
1757230056606,9.010,110.99
1757230056614,8.073,123.87
1757230056623,9.147,109.33
1757230056632,8.620,116.01
1757230056639,7.745,129.12
1757230056647,8.323,120.15
1757230056656,8.353,119.72
1757230056665,8.671,115.33
1757230056674,8.855,112.93
1757230056681,7.707,129.75
1757230056689,8.154,122.64
1757230056698,8.332,120.02
1757230056706,8.324,120.14
1757230056715,8.980,111.36
1757230056724,9.150,109.30
1757230056731,7.080,141.25
1757230056741,9.656,103.57
1757230056749,8.043,124.34
1757230056757,8.070,123.91
1757230056766,9.179,108.95
1757230056774,7.512,133.11
1757230056782,8.962,111.59
1757230056791,8.152,122.67
1757230056799,8.443,118.44
1757230056808,9.212,108.55
1757230056818,9.500,105.26
1757230056826,7.218,138.54
1757230056834,8.390,119.19
1757230056842,8.918,112.13
1757230056851,8.472,118.04
1757230056859,8.504,117.59
1757230056869,9.119,109.67
1757230056876,7.732,129.34
1757230056885,8.980,111.36
1757230056894,8.213,121.75
1757230056902,8.406,118.97
1757230056911,8.509,117.52
1757230056920,9.447,105.85
1757230056927,7.203,138.82
1757230056935,8.167,122.45
1757230056944,8.628,115.90
1757230056952,8.481,117.91
1757230056961,8.249,121.22
1757230056969,8.930,111.98
1757230056977,7.748,129.07
1757230056986,8.205,121.87
1757230056994,8.357,119.65
1757230057002,8.437,118.53
1757230057011,8.375,119.40
1757230057020,9.133,109.49
1757230057027,7.599,131.59
1757230057036,8.509,117.52
1757230057044,8.127,123.05
1757230057052,8.184,122.19
1757230057061,8.756,114.21
1757230057069,8.924,112.06
1757230057078,7.777,128.58
1757230057086,8.397,119.10
1757230057095,8.461,118.19
1757230057103,8.165,122.48
1757230057111,8.321,120.18
1757230057120,9.089,110.03
1757230057128,7.832,127.68
1757230057137,8.543,117.05
1757230057145,7.920,126.26
1757230057153,8.303,120.43
1757230057161,8.773,113.99
1757230057170,8.711,114.80
1757230057178,7.720,129.54
1757230057186,8.435,118.55
1757230057196,9.204,108.65
1757230057204,7.997,125.05
1757230057211,8.333,120.00
1757230057221,9.629,103.85
1757230057229,7.324,136.53
1757230057237,8.127,123.04
1757230057245,8.320,120.20
1757230057254,8.358,119.65
1757230057262,8.344,119.85
1757230057271,9.695,103.14
1757230057279,7.083,141.18
1757230057287,8.275,120.84
1757230057295,8.299,120.50
1757230057304,8.713,114.77
1757230057313,8.354,119.70
1757230057322,9.700,103.09
1757230057330,7.352,136.01
1757230057338,8.316,120.24
1757230057346,8.345,119.84
1757230057355,8.358,119.64
1757230057363,8.329,120.06
1757230057372,9.184,108.88
1757230057381,8.400,119.05
1757230057389,8.253,121.18
1757230057397,8.276,120.83
1757230057405,8.331,120.03
1757230057414,8.339,119.91
1757230057423,9.164,109.12
1757230057430,7.709,129.72
1757230057439,8.172,122.38
1757230057447,8.329,120.07
1757230057456,8.946,111.79
1757230057464,7.810,128.04
1757230057473,9.294,107.60
1757230057481,7.665,130.46
1757230057489,8.516,117.43
1757230057497,7.924,126.20
1757230057506,8.278,120.81
1757230057514,8.423,118.72
1757230057523,9.383,106.58
1757230057532,8.563,116.78
1757230057539,7.587,131.81
1757230057549,9.350,106.95
1757230057557,8.104,123.40
1757230057566,9.087,110.05
1757230057574,7.561,132.25
1757230057582,8.393,119.15
1757230057590,8.337,119.95
1757230057599,8.391,119.18
1757230057607,8.307,120.38
1757230057616,9.110,109.77
1757230057624,7.482,133.65
1757230057633,9.039,110.63
1757230057641,8.197,121.99
1757230057649,8.267,120.96
1757230057658,8.363,119.58
1757230057667,9.047,110.54
1757230057674,7.704,129.80
1757230057683,8.233,121.47
1757230057691,9.199,108.71
1757230057700,8.204,121.89
1757230057708,8.504,117.60
1757230057718,9.186,108.86
1757230057725,7.546,132.52
1757230057733,8.287,120.68
1757230057742,8.677,115.24
1757230057750,8.625,115.94
1757230057759,8.246,121.27
1757230057768,9.056,110.43
1757230057776,7.645,130.81
1757230057784,8.313,120.29
1757230057792,8.450,118.34
1757230057802,9.089,110.03
1757230057809,7.857,127.28
1757230057818,9.198,108.72
1757230057826,7.515,133.07
1757230057834,8.301,120.47
1757230057843,8.351,119.75
1757230057851,8.487,117.83
1757230057859,8.491,117.77
1757230057868,9.072,110.23
1757230057877,7.805,128.12
1757230057885,8.284,120.72
1757230057893,8.278,120.80
1757230057902,9.224,108.41
1757230057911,8.391,119.18
1757230057920,9.051,110.49
1757230057927,7.575,132.01
1757230057935,8.302,120.45
1757230057944,8.398,119.08
1757230057952,8.776,113.94
1757230057961,8.396,119.11
1757230057969,9.113,109.74
1757230057978,7.534,132.73
1757230057986,8.470,118.06
1757230057995,8.341,119.89
1757230058003,8.273,120.88
1757230058012,8.601,116.27
1757230058021,9.062,110.35
1757230058029,8.221,121.64
1757230058037,7.721,129.52
1757230058045,8.363,119.57
1757230058053,8.341,119.88
1757230058062,8.641,115.72
1757230058071,9.025,110.80
1757230058078,7.614,131.34
1757230058087,8.249,121.23
1757230058095,8.666,115.40
1757230058104,8.197,122.00
1757230058112,8.364,119.56
1757230058122,9.280,107.76
1757230058129,7.624,131.16
1757230058138,8.642,115.72
1757230058146,8.328,120.08
1757230058155,8.597,116.32
1757230058163,8.207,121.85
1757230058172,9.449,105.83
1757230058180,8.021,124.67
1757230058188,7.989,125.17
1757230058196,8.098,123.49
1757230058205,8.327,120.10
1757230058213,8.380,119.34
1757230058222,9.704,103.05
1757230058230,7.810,128.05
1757230058239,8.948,111.76
1757230058248,9.101,109.87
1757230058257,8.315,120.26
1757230058266,9.431,106.03
1757230058274,7.602,131.55
1757230058282,8.550,116.95
1757230058292,9.073,110.22
1757230058299,8.299,120.49
1757230058308,8.735,114.48
1757230058317,9.168,109.07
1757230058325,7.772,128.66
1757230058334,8.285,120.70
1757230058343,8.630,115.88
1757230058351,8.908,112.26
1757230058359,8.326,120.11
1757230058369,9.307,107.44
1757230058377,7.468,133.91
1757230058385,8.841,113.11
1757230058394,8.226,121.56
1757230058401,8.342,119.88
1757230058410,8.386,119.25
1757230058420,9.851,101.51
1757230058428,8.400,119.05
1757230058437,8.835,113.19
1757230058446,8.340,119.91
1757230058453,8.334,119.99
1757230058462,8.366,119.53
1757230058471,9.203,108.66
1757230058479,8.647,115.64
1757230058488,8.061,124.06
1757230058496,8.407,118.95
1757230058506,9.302,107.50
1757230058514,8.014,124.78
1757230058523,9.225,108.40
1757230058532,8.371,119.46
1757230058540,8.134,122.95
1757230058548,8.128,123.03
1757230058556,8.326,120.11
1757230058565,8.379,119.35
1757230058574,9.112,109.74
1757230058581,7.984,125.25
1757230058590,8.159,122.57
1757230058598,8.682,115.19
1757230058607,8.528,117.26
1757230058616,9.212,108.55
1757230058624,7.473,133.81
1757230058631,8.449,118.36
1757230058641,8.724,114.63
1757230058649,8.674,115.28
1757230058658,8.400,119.04
1757230058667,9.118,109.68
1757230058674,7.539,132.65
1757230058683,8.574,116.63
1757230058692,8.325,120.11
1757230058699,8.377,119.38
1757230058708,8.387,119.24
1757230058718,9.144,109.36
1757230058725,7.472,133.83
1757230058733,8.517,117.41
1757230058742,8.943,111.82
1757230058751,8.315,120.27
1757230058759,8.722,114.65
1757230058769,9.720,102.88
1757230058777,7.577,131.97
1757230058785,8.377,119.37
1757230058793,8.296,120.54
1757230058801,8.325,120.12
1757230058810,8.535,117.17
1757230058819,9.016,110.92
1757230058826,7.556,132.35
1757230058835,8.247,121.25
1757230058843,8.333,120.01
1757230058852,9.233,108.31
1757230058861,8.549,116.98
1757230058869,9.227,108.38
1757230058878,8.038,124.40
1757230058886,7.982,125.28
1757230058896,9.586,104.32
1757230058905,9.212,108.56
1757230058914,8.281,120.77
1757230058922,9.234,108.29
1757230058931,7.716,129.59
1757230058939,8.958,111.63
1757230058948,8.311,120.32
1757230058956,8.593,116.37
1757230058965,8.421,118.75
1757230058974,9.034,110.69
1757230058981,7.767,128.75
1757230058990,8.192,122.07
1757230058998,8.365,119.54
1757230059006,8.315,120.26
1757230059016,10.136,98.66
1757230059023,7.525,132.90
1757230059032,8.364,119.56
1757230059041,8.381,119.32
1757230059049,8.294,120.56
1757230059057,8.231,121.49
1757230059067,9.787,102.18
1757230059074,6.941,144.07
1757230059082,8.419,118.78
1757230059091,8.882,112.59
1757230059100,8.312,120.31
1757230059108,8.619,116.02
1757230059117,9.156,109.21
1757230059125,7.581,131.91
1757230059133,8.396,119.10
1757230059141,8.578,116.58
1757230059150,8.021,124.67
1757230059158,8.294,120.56
1757230059168,9.761,102.45
1757230059175,7.564,132.21
1757230059184,8.647,115.65
1757230059193,8.327,120.09
1757230059202,8.925,112.05
1757230059209,7.977,125.36
1757230059219,9.225,108.40
1757230059226,7.481,133.67
1757230059235,8.629,115.89
1757230059243,7.989,125.17
1757230059251,8.322,120.16
1757230059260,8.332,120.03
1757230059268,9.162,109.15
1757230059277,8.139,122.86
1757230059285,7.888,126.78
1757230059293,8.324,120.13
1757230059302,8.527,117.28
1757230059310,8.175,122.33
1757230059319,9.143,109.38
1757230059326,7.530,132.80
1757230059335,8.303,120.44
1757230059343,8.538,117.13
1757230059351,8.132,122.97
1757230059361,9.546,104.75
1757230059369,8.959,111.62
1757230059377,7.796,128.26
1757230059386,8.538,117.12
1757230059395,8.336,119.96
1757230059403,8.381,119.32
1757230059412,8.366,119.53
1757230059421,9.592,104.25
1757230059428,7.108,140.68
1757230059436,8.492,117.76
1757230059444,8.135,122.92
1757230059452,8.318,120.22
1757230059461,8.528,117.26
1757230059471,9.753,102.54
1757230059478,7.262,137.71
1757230059487,8.334,119.99
1757230059495,8.619,116.03
1757230059503,8.881,112.60
1757230059512,7.989,125.18
1757230059521,9.317,107.34
1757230059529,7.345,136.15
1757230059537,8.290,120.63
1757230059546,8.437,118.52
1757230059553,8.239,121.37
1757230059562,8.564,116.76
1757230059571,8.995,111.18
1757230059579,7.518,133.01
1757230059587,8.327,120.09
1757230059595,8.298,120.51
1757230059603,8.301,120.47
1757230059613,8.341,119.89
1757230059622,9.279,107.77
1757230059629,7.451,134.21
1757230059637,8.263,121.02
1757230059646,8.538,117.12
1757230059654,8.210,121.80
1757230059663,8.324,120.13
1757230059671,9.231,108.34
1757230059679,8.033,124.49
1757230059688,8.278,120.80
1757230059696,8.460,118.20
1757230059704,8.492,117.76
1757230059713,8.067,123.97
1757230059722,9.469,105.61
1757230059730,7.247,137.99
1757230059738,8.279,120.79
1757230059747,9.281,107.75
1757230059756,8.326,120.11
1757230059764,8.351,119.75
1757230059773,9.053,110.47
1757230059781,7.803,128.16
1757230059789,8.627,115.92
1757230059798,8.371,119.47
1757230059806,8.303,120.44
1757230059815,8.763,114.11
1757230059823,8.749,114.30
1757230059831,7.804,128.14
1757230059840,8.985,111.30
1757230059848,7.994,125.10
1757230059857,8.321,120.18
1757230059866,9.303,107.49
1757230059873,7.460,134.06
1757230059882,8.368,119.51
1757230059889,8.299,120.49
1757230059898,8.546,117.01
1757230059907,8.420,118.77
1757230059916,8.994,111.18
1757230059924,7.742,129.16
1757230059932,8.429,118.63
1757230059940,8.137,122.90
1757230059949,8.336,119.96
1757230059957,8.339,119.92
1757230059966,9.011,110.98
1757230059974,7.666,130.45
1757230059982,8.430,118.63
1757230059990,8.233,121.47
1757230059999,9.101,109.87
1757230060008,8.133,122.96
1757230060017,9.061,110.37
1757230060023,7.684,130.14
1757230060032,8.284,120.71
1757230060041,8.846,113.05
1757230060050,8.941,111.85
1757230060059,8.428,118.65
1757230060068,8.985,111.30
1757230060076,7.805,128.13
1757230060083,8.254,121.16
1757230060092,8.280,120.77
1757230060101,8.513,117.46
1757230060109,8.502,117.62
1757230060118,9.102,109.87
1757230060126,7.581,131.91
1757230060133,8.416,118.83
1757230060142,8.748,114.31
1757230060151,8.593,116.38
1757230060160,8.304,120.42
1757230060169,8.756,114.20
1757230060176,7.768,128.74
1757230060185,8.284,120.71
1757230060193,8.269,120.94
1757230060201,8.428,118.65
1757230060210,8.367,119.52
1757230060219,9.047,110.53
1757230060226,7.795,128.29
1757230060236,9.365,106.78
1757230060244,7.914,126.36
1757230060252,8.320,120.20
1757230060262,9.176,108.98
1757230060270,8.751,114.27
1757230060277,7.672,130.34
1757230060286,8.322,120.17
1757230060294,8.351,119.74
1757230060303,8.332,120.01
1757230060312,8.705,114.88
1757230060319,8.802,113.61
1757230060328,7.654,130.66
1757230060336,8.230,121.51
1757230060345,8.729,114.56
1757230060353,7.948,125.83
1757230060362,8.579,116.57
1757230060371,8.855,112.93
1757230060378,7.671,130.36
1757230060386,8.592,116.39
1757230060395,8.367,119.51
1757230060403,8.283,120.73
1757230060412,8.409,118.92
1757230060421,9.432,106.03
1757230060428,7.639,130.91
1757230060437,8.306,120.40
1757230060445,8.300,120.49
1757230060453,8.333,120.01
1757230060462,9.061,110.36
1757230060472,9.343,107.03
1757230060480,7.519,133.00
1757230060488,8.157,122.59
1757230060496,8.612,116.12
1757230060504,8.110,123.30
1757230060513,8.243,121.31
1757230060522,9.242,108.20
1757230060529,7.677,130.26
1757230060538,8.679,115.22
1757230060546,7.794,128.31
1757230060554,8.528,117.26
1757230060563,8.563,116.78
1757230060572,9.041,110.61
1757230060579,7.657,130.61
1757230060588,8.245,121.28
1757230060596,8.344,119.85
1757230060604,8.324,120.13
1757230060613,8.373,119.43
1757230060623,9.455,105.77
1757230060630,7.643,130.83
1757230060639,8.406,118.96
1757230060647,8.232,121.48
1757230060655,8.344,119.85
1757230060663,8.351,119.75
1757230060673,9.264,107.95
1757230060681,7.637,130.94
1757230060688,8.278,120.81
1757230060697,8.330,120.05
1757230060705,8.786,113.82
1757230060714,8.281,120.76
1757230060724,9.519,105.05
1757230060731,7.287,137.22
1757230060740,8.779,113.91
1757230060748,8.565,116.75
1757230060757,8.977,111.40
1757230060766,9.098,109.92
1757230060774,7.583,131.87
1757230060782,8.344,119.84
1757230060791,8.395,119.12
1757230060799,8.251,121.20
1757230060807,8.337,119.95
1757230060816,9.172,109.03
1757230060823,7.589,131.77
1757230060832,8.250,121.21
1757230060841,8.442,118.45
1757230060849,8.628,115.90
1757230060858,8.306,120.39
1757230060867,9.110,109.77
1757230060873,7.578,131.96
1757230060883,8.573,116.65
1757230060891,8.150,122.70
1757230060899,8.475,118.00
1757230060908,8.588,116.44
1757230060917,8.835,113.18
1757230060924,7.585,131.84
1757230060933,8.504,117.59
1757230060942,8.415,118.84
1757230060949,8.168,122.43
1757230060958,9.006,111.03
1757230060967,9.089,110.02
1757230060976,8.346,119.82
1757230060984,8.098,123.48
1757230060993,8.354,119.71
1757230061001,8.734,114.50
1757230061010,8.304,120.43
1757230061019,9.134,109.48
1757230061026,7.529,132.82
1757230061035,8.501,117.63
1757230061043,8.147,122.74
1757230061051,8.336,119.96
1757230061059,8.798,113.66
1757230061069,9.140,109.41
1757230061076,7.261,137.73
1757230061084,8.253,121.16
1757230061093,8.543,117.06
1757230061102,9.087,110.04
1757230061111,9.278,107.78
1757230061121,8.984,111.31
1757230061128,7.864,127.17
1757230061136,8.151,122.68
1757230061145,8.337,119.95
1757230061153,8.072,123.89
1757230061161,8.317,120.23
1757230061171,10.210,97.94
1757230061179,7.933,126.05
1757230061188,8.311,120.32
1757230061196,8.325,120.13
1757230061204,8.336,119.96
1757230061213,8.330,120.05
1757230061222,9.639,103.75
1757230061230,7.894,126.69
1757230061239,8.243,121.32
1757230061247,8.334,119.99
1757230061255,8.330,120.06
1757230061264,8.635,115.81
1757230061272,9.013,110.95
1757230061281,8.159,122.57
1757230061289,7.684,130.14
1757230061297,8.560,116.82
1757230061306,8.388,119.22
1757230061313,8.287,120.67
1757230061323,9.164,109.12
1757230061331,7.855,127.32
1757230061339,8.280,120.77
1757230061347,8.063,124.02
1757230061356,9.113,109.74
1757230061364,8.200,121.95
1757230061373,9.108,109.79
1757230061382,7.916,126.33
1757230061389,7.984,125.25
1757230061398,8.499,117.67
1757230061406,8.225,121.58
1757230061415,8.768,114.05
1757230061424,9.097,109.93
1757230061432,7.550,132.45
1757230061439,8.395,119.12
1757230061448,8.379,119.34
1757230061458,9.108,109.79
1757230061467,9.236,108.28
1757230061474,7.411,134.94
1757230061482,8.641,115.73
1757230061491,8.229,121.52
1757230061500,8.641,115.72
1757230061508,8.232,121.48
1757230061517,8.947,111.77
1757230061525,8.042,124.35
1757230061533,7.897,126.63
1757230061541,8.588,116.45
1757230061550,8.422,118.74
1757230061559,8.723,114.64
1757230061567,8.978,111.39
1757230061575,7.729,129.38
1757230061583,7.895,126.66
1757230061592,8.275,120.84
1757230061599,8.771,114.01
1757230061608,7.959,125.64
1757230061617,9.257,108.03
1757230061625,7.450,134.23
1757230061634,8.463,118.16
1757230061642,8.565,116.76
1757230061649,7.980,125.32
1757230061659,9.223,108.42
1757230061668,9.101,109.88
1757230061676,7.591,131.74
1757230061684,8.308,120.37
1757230061692,8.354,119.71
1757230061701,8.319,120.21
1757230061709,8.396,119.10
1757230061718,9.136,109.46
1757230061726,7.541,132.60
1757230061734,8.557,116.86
1757230061743,8.094,123.55
1757230061752,8.956,111.66
1757230061759,7.995,125.08
1757230061769,9.901,101.00
1757230061777,7.594,131.68
1757230061785,8.336,119.97
1757230061794,8.310,120.34
1757230061802,8.361,119.60
1757230061809,8.299,120.49
1757230061819,9.262,107.97
1757230061827,7.434,134.52
1757230061836,8.948,111.76
1757230061844,8.068,123.95
1757230061853,8.738,114.44
1757230061861,7.939,125.96
1757230061870,9.286,107.69
1757230061879,8.775,113.96
1757230061887,8.715,114.74
1757230061896,8.593,116.38
1757230061904,8.542,117.06
1757230061913,8.495,117.72
1757230061922,9.172,109.03
1757230061929,7.564,132.20
1757230061938,8.266,120.97
1757230061947,8.343,119.86
1757230061955,8.933,111.95
1757230061964,8.158,122.58
1757230061972,9.225,108.40
1757230061980,7.600,131.58
1757230061989,8.185,122.18
1757230061997,8.334,119.98
1757230062005,8.390,119.19
1757230062014,8.584,116.49
1757230062024,10.027,99.73
1757230062031,7.330,136.42
1757230062039,7.857,127.28
1757230062047,8.339,119.92
1757230062055,8.307,120.38
1757230062064,8.337,119.95
1757230062073,9.101,109.88
1757230062081,8.046,124.29
1757230062089,8.045,124.30
1757230062097,8.177,122.29
1757230062106,8.328,120.08
1757230062113,8.665,115.41
1757230062123,8.803,113.60
1757230062131,7.805,128.13
1757230062139,8.484,117.87
1757230062148,8.318,120.22
1757230062156,8.333,120.00
1757230062164,8.415,118.84
1757230062174,9.289,107.65
1757230062182,7.598,131.62
1757230062191,9.630,103.84
1757230062199,8.937,111.90
1757230062208,7.944,125.87
1757230062217,9.740,102.67
1757230062224,6.966,143.56
1757230062233,8.532,117.21
1757230062242,8.409,118.93
1757230062249,8.173,122.35
1757230062258,8.586,116.47
1757230062268,9.280,107.76
1757230062275,7.603,131.53
1757230062283,8.719,114.69
1757230062292,8.381,119.31
1757230062301,8.282,120.75
1757230062309,8.351,119.74
1757230062318,9.579,104.39
1757230062326,7.356,135.94
1757230062335,9.356,106.89
1757230062343,8.230,121.51
1757230062353,9.299,107.54
1757230062361,7.994,125.09
1757230062371,9.715,102.94
1757230062377,7.098,140.88
1757230062386,9.036,110.67
1757230062395,8.260,121.06
1757230062403,8.486,117.85
1757230062412,8.159,122.56
1757230062421,9.363,106.81
1757230062428,7.285,137.28
1757230062436,8.352,119.73
1757230062445,8.299,120.49
1757230062453,8.471,118.05
1757230062463,9.455,105.76
1757230062472,9.087,110.05
1757230062479,7.193,139.03
1757230062487,8.271,120.90
1757230062496,8.327,120.09
1757230062504,8.388,119.22
1757230062512,8.813,113.47
1757230062522,9.437,105.97
1757230062530,7.402,135.10
1757230062538,8.269,120.94
1757230062546,8.429,118.64
1757230062555,8.333,120.01
1757230062563,8.501,117.63
1757230062572,8.986,111.28
1757230062580,8.205,121.88
1757230062589,8.681,115.19
1757230062597,7.934,126.05
1757230062605,8.771,114.01
1757230062614,8.057,124.12
1757230062623,9.357,106.87
1757230062631,8.120,123.16
1757230062639,8.271,120.91
1757230062648,8.760,114.16
1757230062657,8.832,113.23
1757230062666,9.114,109.72
1757230062674,7.544,132.55
1757230062682,8.406,118.96
1757230062691,8.275,120.85
1757230062699,8.627,115.92
1757230062708,8.515,117.44
1757230062717,9.364,106.79
1757230062725,7.504,133.26
1757230062733,8.373,119.43
1757230062741,8.430,118.62
1757230062751,9.294,107.60
1757230062759,8.577,116.59
1757230062768,9.123,109.62
1757230062776,7.796,128.28
1757230062783,8.215,121.72
1757230062793,8.252,121.18
1757230062801,8.648,115.63
1757230062810,8.453,118.30
1757230062819,9.085,110.07
1757230062826,7.838,127.59
1757230062835,8.717,114.72
1757230062843,7.913,126.37
1757230062852,8.464,118.15
1757230062859,8.364,119.57
1757230062869,9.373,106.68
1757230062877,7.504,133.27
1757230062886,8.597,116.33
1757230062894,8.011,124.83
1757230062902,8.365,119.54
1757230062910,8.556,116.88
1757230062920,9.377,106.64
1757230062928,8.515,117.44
1757230062936,8.270,120.91
1757230062945,8.539,117.10
1757230062953,8.152,122.68
1757230062962,8.667,115.39
1757230062971,9.246,108.15
1757230062979,7.529,132.82
1757230062987,8.211,121.79
1757230062995,8.523,117.33
1757230063004,8.305,120.41
1757230063012,8.176,122.31
1757230063021,9.348,106.98
1757230063028,7.541,132.61
1757230063037,8.113,123.27
1757230063045,8.559,116.84
1757230063054,8.289,120.64
1757230063062,8.420,118.76
1757230063071,9.276,107.81
1757230063079,7.637,130.94
1757230063087,8.117,123.20
1757230063095,8.317,120.23
1757230063104,8.640,115.74
1757230063113,8.268,120.94
1757230063121,9.315,107.36
1757230063129,7.537,132.69
1757230063138,8.691,115.07
1757230063146,8.042,124.34
1757230063155,8.889,112.50
1757230063163,8.204,121.89
1757230063172,9.174,109.00
1757230063180,7.753,128.98
1757230063188,7.986,125.23
1757230063197,8.698,114.97
1757230063205,8.403,119.01
1757230063213,8.211,121.78
1757230063222,9.280,107.76
1757230063230,7.280,137.37
1757230063238,8.468,118.10
1757230063247,8.451,118.32
1757230063255,8.365,119.55
1757230063263,8.279,120.78
1757230063272,9.101,109.88
1757230063280,7.336,136.32
1757230063288,8.415,118.84
1757230063296,8.255,121.14
1757230063305,8.463,118.16
1757230063314,9.023,110.83
1757230063323,9.167,109.09
1757230063331,7.500,133.33
1757230063339,9.019,110.88
1757230063348,8.246,121.27
1757230063357,8.670,115.34
1757230063365,8.025,124.61
1757230063373,9.054,110.45
1757230063381,7.643,130.84
1757230063390,8.337,119.95
1757230063398,8.253,121.17
1757230063406,8.390,119.19
1757230063414,8.360,119.62
1757230063426,10.718,93.30
1757230063432,6.980,143.26
1757230063441,8.549,116.98
1757230063449,8.160,122.55
1757230063457,8.276,120.83
1757230063466,9.230,108.35
1757230063474,7.476,133.76
1757230063483,8.451,118.33
1757230063491,8.613,116.10
1757230063499,8.356,119.67
1757230063508,8.308,120.36
1757230063517,9.191,108.80
1757230063524,7.459,134.06
1757230063533,8.425,118.69
1757230063541,8.361,119.61
1757230063549,8.306,120.40
1757230063558,8.498,117.67
1757230063568,10.266,97.41
1757230063576,7.336,136.32
1757230063583,8.200,121.95
1757230063592,8.795,113.70
1757230063601,8.081,123.74
1757230063609,8.484,117.87
1757230063618,9.219,108.47
1757230063626,7.183,139.21
1757230063634,8.552,116.93
1757230063642,8.347,119.80
1757230063651,8.130,123.01
1757230063659,8.463,118.16
1757230063668,8.983,111.33
1757230063676,7.746,129.09
1757230063684,8.204,121.90
1757230063693,8.787,113.80
1757230063701,7.800,128.21
1757230063709,8.488,117.81
1757230063718,9.195,108.76
1757230063726,7.439,134.42
1757230063734,8.875,112.68
1757230063743,8.191,122.08
1757230063752,8.439,118.50
1757230063761,9.678,103.33
1757230063769,9.106,109.81
1757230063778,7.841,127.53
1757230063786,8.388,119.22
1757230063794,8.068,123.94
1757230063803,8.458,118.23
1757230063811,8.235,121.43
1757230063820,9.081,110.12
1757230063828,7.661,130.53
1757230063836,8.752,114.26
1757230063844,8.146,122.75
1757230063853,8.268,120.95
1757230063861,8.322,120.16
1757230063871,9.079,110.14
1757230063879,8.215,121.73
1757230063888,9.176,108.98
1757230063896,7.961,125.61
1757230063904,8.109,123.32
1757230063912,8.424,118.72
1757230063921,9.426,106.09
1757230063929,7.407,135.00
1757230063937,8.173,122.35
1757230063946,8.547,117.01
1757230063954,8.549,116.97
1757230063963,8.436,118.55
1757230063972,8.986,111.29
1757230063979,7.699,129.89
1757230063988,8.349,119.78
1757230063996,8.368,119.51
1757230064004,8.362,119.59
1757230064013,8.439,118.50
1757230064022,9.167,109.09
1757230064029,7.901,126.57
1757230064038,7.950,125.78
1757230064047,8.346,119.82
1757230064055,8.409,118.91
1757230064063,8.287,120.68
1757230064071,9.127,109.56
1757230064080,7.663,130.49
1757230064088,8.271,120.90
1757230064096,8.252,121.18
1757230064105,8.711,114.80
1757230064114,8.333,120.00
1757230064123,9.614,104.01
1757230064131,7.619,131.25
1757230064139,8.187,122.15
1757230064147,8.352,119.73
1757230064156,8.786,113.82
1757230064164,7.860,127.22
1757230064173,9.531,104.93
1757230064181,7.731,129.36
1757230064189,8.207,121.85
1757230064198,9.421,106.14
1757230064207,8.475,117.99
1757230064216,9.306,107.46
1757230064224,7.564,132.21
1757230064233,8.342,119.88
1757230064241,8.745,114.35
1757230064250,8.896,112.42
1757230064259,8.336,119.97
1757230064268,9.247,108.14
1757230064276,8.079,123.78
1757230064284,8.985,111.30
1757230064293,8.188,122.14
1757230064302,8.538,117.12
1757230064310,8.314,120.28
1757230064319,9.086,110.06
1757230064326,7.431,134.58
1757230064335,9.201,108.68
1757230064344,8.243,121.32
1757230064352,9.035,110.68
1757230064361,7.734,129.30
1757230064369,9.244,108.18
1757230064377,7.606,131.48
1757230064386,8.874,112.69
1757230064395,8.373,119.44
1757230064403,8.213,121.76
1757230064411,8.354,119.70
1757230064421,9.246,108.15
1757230064428,7.530,132.80
1757230064436,8.608,116.17
1757230064444,8.274,120.87
1757230064453,8.178,122.28
1757230064462,8.478,117.95
1757230064471,9.039,110.63
1757230064478,7.619,131.25
1757230064486,8.434,118.57
1757230064494,8.112,123.27
1757230064503,8.492,117.76
1757230064512,8.432,118.60
1757230064521,8.973,111.45
1757230064528,7.728,129.40
1757230064537,8.549,116.97
1757230064545,8.152,122.68
1757230064554,8.500,117.65
1757230064562,8.364,119.56
1757230064571,9.417,106.20
1757230064579,7.445,134.32
1757230064587,8.470,118.06
1757230064595,8.316,120.25
1757230064604,8.294,120.58
1757230064611,8.312,120.31
1757230064623,10.035,99.65
1757230064631,8.087,123.66
1757230064638,7.780,128.53
1757230064646,8.409,118.92
1757230064654,8.252,121.18
1757230064663,8.338,119.93
1757230064672,9.158,109.20
1757230064680,7.619,131.26
1757230064688,8.264,121.01
1757230064696,8.311,120.32
1757230064705,8.702,114.92
1757230064712,8.051,124.21
1757230064723,9.337,107.10
1757230064730,7.297,137.05
1757230064738,8.570,116.68
1757230064746,8.154,122.63
1757230064755,9.157,109.20
1757230064764,8.424,118.71
1757230064773,9.117,109.68
1757230064781,7.682,130.18
1757230064789,8.427,118.66
1757230064798,8.235,121.43
1757230064806,8.454,118.29
1757230064813,8.325,120.12
1757230064823,9.732,102.76
1757230064831,7.765,128.78
1757230064840,8.232,121.48
1757230064848,8.091,123.59
1757230064856,8.423,118.73
1757230064867,10.372,96.41
1757230064874,6.971,143.44
1757230064882,8.397,119.09
1757230064891,9.093,109.98
1757230064900,9.114,109.72
1757230064909,8.214,121.75
1757230064918,9.404,106.34
1757230064926,7.482,133.65
1757230064935,9.234,108.30
1757230064943,7.787,128.42
1757230064951,8.632,115.85
1757230064960,8.359,119.63
1757230064969,9.379,106.62
1757230064976,7.507,133.21
1757230064984,8.252,121.18
1757230064993,8.391,119.17
1757230065002,8.495,117.72
1757230065009,8.061,124.06
1757230065019,9.215,108.52
1757230065026,7.592,131.71
1757230065035,8.238,121.39
1757230065043,8.426,118.68
1757230065052,8.862,112.84
1757230065060,7.976,125.37
1757230065069,9.262,107.97
1757230065076,7.556,132.34
1757230065086,8.864,112.82
1757230065094,8.254,121.15
1757230065102,8.411,118.89
1757230065111,8.379,119.34
1757230065120,9.157,109.21
1757230065131,11.248,88.90
1757230065137,5.784,172.88
1757230065146,9.022,110.84
1757230065155,8.682,115.18
1757230065162,7.537,132.68
1757230065173,10.720,93.28
1757230065180,7.202,138.85
1757230065193,12.901,77.52
1757230065201,7.405,135.04
1757230065207,6.513,153.54
1757230065215,8.658,115.50
1757230065225,9.301,107.52
1757230065232,6.692,149.43
1757230065241,9.796,102.08
1757230065248,7.027,142.32
1757230065256,8.083,123.72
1757230065267,10.240,97.65
1757230065273,6.806,146.94
1757230065282,8.674,115.28
1757230065290,7.912,126.39
1757230065299,8.393,119.15
1757230065307,8.282,120.74
1757230065317,9.676,103.35
1757230065323,7.169,139.50
1757230065332,8.528,117.26
1757230065340,8.100,123.46
1757230065349,8.336,119.96
1757230065357,8.325,120.12
1757230065366,9.363,106.81
1757230065373,7.425,134.67
1757230065382,8.450,118.34
1757230065391,8.438,118.51
1757230065399,8.189,122.11
1757230065407,8.330,120.05
1757230065416,9.276,107.80
1757230065423,7.396,135.21
1757230065432,8.363,119.57
1757230065441,9.011,110.98
1757230065449,8.330,120.05
1757230065458,8.327,120.10
1757230065466,8.659,115.48
1757230065475,8.673,115.30
1757230065484,9.030,110.75
1757230065492,8.149,122.71
1757230065508,16.312,61.30
1757230065517,7.830,127.71
1757230065525,9.019,110.88
1757230065533,8.317,120.24
1757230065541,8.175,122.33
1757230065550,8.349,119.78
1757230065559,8.335,119.98
1757230065567,8.744,114.36
1757230065575,7.965,125.55
1757230065583,8.419,118.79
1757230065592,8.314,120.28
1757230065601,9.026,110.79
1757230065609,7.704,129.80
1757230065617,8.566,116.75
1757230065626,8.483,117.89
1757230065634,7.928,126.13
1757230065642,8.313,120.30
1757230065651,8.770,114.03
1757230065659,7.967,125.52
1757230065667,8.526,117.29
1757230065676,8.510,117.51
1757230065684,8.497,117.69
1757230065692,8.364,119.56
1757230065701,8.349,119.77
1757230065709,8.454,118.29
1757230065718,9.201,108.68
1757230065726,8.077,123.81
1757230065735,8.938,111.89
1757230065744,8.077,123.81
1757230065752,8.313,120.29
1757230065761,8.449,118.36
1757230065769,8.355,119.69
1757230065777,8.944,111.81
1757230065786,8.027,124.58
1757230065795,9.205,108.64
1757230065803,8.471,118.05
1757230065811,8.377,119.37
1757230065820,8.489,117.79
1757230065829,8.270,120.92
1757230065837,8.586,116.47
1757230065846,8.736,114.47
1757230065854,8.334,119.99
1757230065863,8.366,119.53
1757230065871,8.887,112.53
1757230065880,8.267,120.96
1757230065887,8.282,120.75
1757230065896,8.137,122.89
1757230065904,8.171,122.38
1757230065913,8.365,119.55
1757230065921,8.533,117.19
1757230065932,10.223,97.82
1757230065939,8.114,123.25
1757230065947,8.120,123.15
1757230065956,8.388,119.23
1757230065965,8.265,121.00
1757230065973,8.507,117.56
1757230065982,8.425,118.69
1757230065990,8.095,123.54
1757230065998,8.330,120.06
1757230066007,9.632,103.82
1757230066016,8.155,122.63
1757230066024,8.113,123.26
1757230066033,8.842,113.10
1757230066041,8.301,120.47
1757230066049,7.951,125.78
1757230066057,8.333,120.01
1757230066065,8.515,117.44
1757230066074,8.598,116.31
1757230066082,8.421,118.76
1757230066091,8.399,119.06
1757230066099,8.329,120.06
1757230066108,8.369,119.49
1757230066116,8.533,117.20
1757230066125,9.125,109.59
1757230066134,8.555,116.89
1757230066143,8.356,119.67
1757230066151,8.614,116.09
1757230066160,8.990,111.23
1757230066169,8.527,117.28
1757230066176,8.138,122.88
1757230066186,9.297,107.56
1757230066194,7.922,126.23
1757230066202,8.435,118.56
1757230066211,8.943,111.83
1757230066219,8.418,118.80
1757230066227,8.108,123.33
1757230066236,8.196,122.00
1757230066244,8.350,119.77
1757230066253,8.335,119.98
1757230066261,8.340,119.91
1757230066270,8.486,117.85
1757230066278,8.567,116.73
1757230066286,7.927,126.15
1757230066294,8.526,117.29
1757230066302,8.142,122.82
1757230066311,8.580,116.56
1757230066321,9.549,104.72
1757230066329,7.947,125.84
1757230066337,8.221,121.64
1757230066345,8.717,114.72
1757230066354,8.467,118.10
1757230066363,8.318,120.23
1757230066372,9.038,110.65
1757230066379,7.961,125.62
1757230066388,8.257,121.10
1757230066396,8.338,119.93
1757230066404,8.309,120.35
1757230066413,8.362,119.59
1757230066421,8.516,117.43
1757230066429,8.155,122.63
1757230066438,8.721,114.67
1757230066446,8.324,120.13
1757230066455,8.438,118.51
1757230066463,8.247,121.25
1757230066472,8.554,116.91
1757230066479,8.118,123.18
1757230066488,8.350,119.76
1757230066496,8.324,120.14
1757230066505,8.358,119.64
1757230066513,8.305,120.42
1757230066522,8.791,113.75
1757230066529,8.061,124.06
1757230066538,8.778,113.92
1757230066546,7.984,125.25
1757230066555,8.837,113.16
1757230066564,8.295,120.56
1757230066573,8.531,117.22
1757230066581,8.696,115.00
1757230066589,8.452,118.31
1757230066598,8.323,120.14
1757230066606,8.362,119.58
1757230066615,8.363,119.57
1757230066623,8.730,114.54
1757230066631,7.910,126.42
1757230066640,8.422,118.73
1757230066648,8.510,117.51
1757230066656,8.146,122.76
1757230066665,8.330,120.05
1757230066673,8.524,117.32
1757230066681,8.135,122.92
1757230066689,8.708,114.84
1757230066698,7.992,125.13
1757230066706,8.386,119.25
1757230066715,8.850,112.99
1757230066723,8.126,123.06
1757230066732,8.757,114.20
1757230066741,8.443,118.45
1757230066749,8.557,116.87
1757230066757,8.344,119.85
1757230066766,8.774,113.98
1757230066775,8.330,120.04
1757230066783,8.175,122.33
1757230066791,8.419,118.78
1757230066800,9.394,106.45
1757230066809,9.043,110.59
1757230066818,8.506,117.56
1757230066826,8.165,122.48
1757230066834,8.330,120.05
1757230066844,9.244,108.18
1757230066852,8.347,119.80
1757230066862,9.260,107.99
1757230066869,8.030,124.53
1757230066878,8.127,123.05
1757230066886,8.342,119.87
1757230066894,8.327,120.09
1757230066902,8.337,119.94
1757230066911,8.416,118.82
1757230066920,8.824,113.33
1757230066928,8.263,121.02
1757230066936,8.403,119.00
1757230066945,8.537,117.13
1757230066953,8.333,120.01
1757230066963,9.192,108.80
1757230066971,8.205,121.88
1757230066979,8.105,123.39
1757230066987,8.289,120.65
1757230066995,8.342,119.88
1757230067004,9.082,110.10
1757230067013,7.790,128.37
1757230067022,9.188,108.84
1757230067029,7.832,127.68
1757230067038,8.327,120.09
1757230067047,8.819,113.39
1757230067054,7.856,127.28
1757230067063,8.372,119.44
1757230067071,8.486,117.85
1757230067079,8.147,122.74
1757230067088,8.415,118.83
1757230067096,8.260,121.07
1757230067104,8.428,118.65
1757230067113,8.334,119.99
1757230067122,8.545,117.03
1757230067129,8.146,122.76
1757230067138,8.319,120.21
1757230067146,8.324,120.14
1757230067154,8.338,119.93
1757230067163,8.335,119.97
1757230067172,8.649,115.62
1757230067179,8.026,124.60
1757230067187,8.331,120.04
1757230067196,8.337,119.95
1757230067205,8.373,119.43
1757230067213,8.361,119.61
1757230067221,8.520,117.38
1757230067230,8.152,122.67
1757230067238,8.595,116.35
1757230067246,8.238,121.39
1757230067254,8.330,120.05
1757230067263,8.328,120.08
1757230067272,8.671,115.33
1757230067280,8.730,114.55
1757230067289,8.160,122.55
1757230067297,8.325,120.12
1757230067305,8.345,119.83
1757230067314,8.323,120.16
1757230067322,8.552,116.94
1757230067330,8.234,121.45
1757230067338,8.214,121.74
1757230067347,8.336,119.97
1757230067355,8.415,118.84
1757230067363,8.258,121.09
1757230067373,8.830,113.25
1757230067381,7.859,127.24
1757230067389,9.351,106.94
1757230067398,8.204,121.90
1757230067406,8.262,121.04
1757230067414,8.345,119.84
1757230067423,8.491,117.77
1757230067431,8.337,119.94
1757230067440,8.148,122.72
1757230067448,8.330,120.05
1757230067456,8.335,119.97
1757230067465,9.168,109.08
1757230067473,8.129,123.02
1757230067482,9.245,108.16
1757230067491,8.266,120.98
1757230067499,8.378,119.36
1757230067509,9.451,105.81
1757230067518,9.077,110.16
1757230067525,7.648,130.76
1757230067534,8.338,119.94
1757230067542,8.351,119.74
1757230067549,8.315,120.26
1757230067559,8.765,114.09
1757230067568,8.518,117.40
1757230067576,9.061,110.37
1757230067585,8.364,119.56
1757230067595,9.518,105.06
1757230067602,7.922,126.23
1757230067611,8.493,117.75
1757230067620,8.947,111.77
1757230067628,7.954,125.72
1757230067636,8.224,121.60
1757230067644,8.219,121.67
1757230067653,8.505,117.58
1757230067662,8.402,119.02
1757230067669,8.822,113.35
1757230067678,7.837,127.61
1757230067686,8.302,120.46
1757230067695,8.818,113.40
1757230067704,8.305,120.41
1757230067713,9.285,107.71
1757230067721,8.779,113.91
1757230067729,7.931,126.09
1757230067738,8.367,119.52
1757230067746,8.340,119.91
1757230067754,8.361,119.60
1757230067763,8.350,119.77
1757230067772,8.725,114.62
1757230067779,7.928,126.13
1757230067788,9.102,109.86
1757230067796,8.163,122.50
1757230067805,8.761,114.14
1757230067814,8.356,119.67
1757230067823,8.512,117.48
1757230067831,8.673,115.30
1757230067840,8.326,120.11
1757230067848,8.695,115.01
1757230067856,8.339,119.92
1757230067866,9.183,108.90
1757230067874,8.553,116.92
1757230067882,8.316,120.26
1757230067891,8.696,115.00
1757230067899,8.220,121.66
1757230067908,9.103,109.85
1757230067917,8.728,114.57
1757230067925,8.109,123.33
1757230067934,8.352,119.73
1757230067942,8.385,119.27
1757230067950,8.278,120.80
1757230067959,8.787,113.80
1757230067968,9.176,108.98
1757230067976,8.415,118.83
1757230067985,8.166,122.46
1757230067993,8.236,121.42
1757230068002,9.403,106.35
1757230068011,8.497,117.69
1757230068019,8.098,123.48
1757230068027,8.120,123.15
1757230068036,8.341,119.89
1757230068044,8.404,119.00
1757230068052,8.279,120.79
1757230068061,8.315,120.26
1757230068070,9.203,108.66
1757230068077,7.717,129.59
1757230068086,8.366,119.53
1757230068096,9.734,102.73
1757230068104,7.918,126.29
1757230068112,8.625,115.94
1757230068121,8.900,112.36
1757230068129,7.785,128.45
1757230068137,8.305,120.41
1757230068145,8.419,118.77
1757230068154,8.251,121.20
1757230068162,8.330,120.05
1757230068172,9.320,107.29
1757230068179,7.911,126.40
1757230068187,8.332,120.02
1757230068196,8.402,119.02
1757230068205,9.830,101.73
1757230068214,8.038,124.42
1757230068223,8.556,116.88
1757230068231,8.636,115.79
1757230068240,8.346,119.83
1757230068248,8.599,116.29
1757230068256,8.319,120.21
1757230068265,8.705,114.88
1757230068273,8.124,123.09
1757230068282,8.366,119.53
1757230068291,9.253,108.08
1757230068299,8.502,117.62
1757230068308,8.980,111.36
1757230068317,8.477,117.97
1757230068325,7.978,125.34
1757230068333,8.406,118.97
1757230068341,8.335,119.97
1757230068350,8.312,120.31
1757230068359,8.798,113.67
1757230068367,8.436,118.54
1757230068375,8.138,122.88
1757230068384,8.313,120.29
1757230068392,8.352,119.73
1757230068401,9.396,106.43
1757230068410,8.335,119.97
1757230068418,8.521,117.35
1757230068426,8.149,122.71
1757230068435,9.106,109.82
1757230068443,8.320,120.20
1757230068452,8.459,118.22
1757230068461,8.334,120.00
1757230068469,8.506,117.57
1757230068477,8.188,122.12
1757230068485,8.306,120.39
1757230068494,8.335,119.97
1757230068503,8.498,117.67
1757230068511,8.315,120.27
1757230068519,8.577,116.59
1757230068529,9.140,109.41
1757230068537,8.334,119.99
1757230068545,8.339,119.92
1757230068553,8.330,120.04
1757230068561,8.371,119.46
1757230068570,8.488,117.81
1757230068578,8.182,122.21
1757230068587,8.303,120.43
1757230068595,8.360,119.61
1757230068605,9.613,104.03
1757230068613,8.144,122.78
1757230068621,8.685,115.14
1757230068629,7.693,129.98
1757230068637,8.309,120.35
1757230068646,8.337,119.95
1757230068654,8.351,119.75
1757230068662,8.326,120.11
1757230068671,8.610,116.14
1757230068679,8.064,124.00
1757230068687,8.327,120.09
1757230068696,8.529,117.24
1757230068706,9.815,101.89
1757230068714,7.960,125.63
1757230068723,8.526,117.29
1757230068731,8.106,123.36
1757230068739,8.610,116.15
1757230068747,8.161,122.53
1757230068756,8.243,121.31
1757230068764,8.323,120.15
1757230068772,8.516,117.43
1757230068781,8.163,122.50
1757230068789,8.540,117.09
1757230068797,8.128,123.03
1757230068806,9.128,109.56
1757230068816,9.338,107.09
1757230068823,7.965,125.55
1757230068832,8.343,119.87
1757230068840,8.520,117.37
1757230068849,8.250,121.21
1757230068857,8.280,120.77
1757230068865,8.549,116.98
1757230068874,8.162,122.52
1757230068882,8.308,120.36
1757230068890,8.573,116.64
1757230068899,8.168,122.42
1757230068907,8.591,116.41
1757230068916,8.894,112.43
1757230068925,8.865,112.80
1757230068933,8.313,120.30
1757230068941,8.326,120.11
1757230068950,8.397,119.09
1757230068959,9.367,106.76
1757230068968,8.262,121.03
1757230068975,8.183,122.21
1757230068984,8.325,120.12
1757230068993,8.336,119.96
1757230069001,8.610,116.14
1757230069009,8.120,123.15
1757230069018,8.618,116.04
1757230069026,8.073,123.87
1757230069035,9.180,108.94
1757230069044,8.343,119.86
1757230069052,8.706,114.87
1757230069060,7.955,125.70
1757230069069,9.183,108.89
1757230069077,8.214,121.75
1757230069086,8.515,117.45
1757230069096,9.471,105.59
1757230069103,7.903,126.53
1757230069113,9.187,108.85
1757230069121,8.873,112.70
1757230069130,8.144,122.79
1757230069138,8.233,121.47
1757230069146,8.362,119.60
1757230069154,8.321,120.18
1757230069164,8.570,116.69
1757230069171,8.524,117.32
1757230069179,7.922,126.22
1757230069188,8.336,119.96
1757230069196,8.333,120.01
1757230069204,8.315,120.26
1757230069213,8.344,119.84
1757230069222,8.611,116.14
1757230069232,9.749,102.58
1757230069239,8.279,120.79
1757230069248,8.276,120.84
1757230069256,8.435,118.56
1757230069264,8.242,121.33
1757230069274,8.851,112.98
1757230069281,7.990,125.15
1757230069289,8.317,120.24
1757230069298,8.509,117.52
1757230069306,8.354,119.70
1757230069315,8.692,115.05
1757230069324,8.471,118.05
1757230069332,8.338,119.94
1757230069341,9.246,108.15
1757230069349,8.122,123.13
1757230069358,8.320,120.20
1757230069366,8.520,117.37
1757230069374,8.246,121.28
1757230069383,8.468,118.09
1757230069391,8.323,120.15
1757230069399,8.403,119.01
1757230069408,8.317,120.24
1757230069417,8.521,117.36
1757230069425,8.793,113.73
1757230069434,9.004,111.06
1757230069443,8.271,120.91
1757230069451,8.615,116.08
1757230069459,8.323,120.15
1757230069468,8.958,111.63
1757230069476,7.715,129.61
1757230069484,8.349,119.78
1757230069493,8.500,117.65
1757230069501,8.365,119.55
1757230069511,9.129,109.55
1757230069519,8.237,121.41
1757230069527,8.103,123.42
1757230069535,8.334,119.99
1757230069544,9.130,109.53
1757230069553,8.123,123.11
1757230069561,8.471,118.05
1757230069569,9.005,111.05
1757230069578,7.879,126.92
1757230069586,8.332,120.02
1757230069595,8.343,119.86
1757230069603,8.351,119.75
1757230069611,8.319,120.21
1757230069620,8.919,112.12
1757230069628,7.749,129.05
1757230069636,8.331,120.04
1757230069645,9.336,107.11
1757230069654,8.725,114.61
1757230069662,8.023,124.64
1757230069672,9.490,105.38
1757230069680,7.585,131.85
1757230069688,8.329,120.06
1757230069696,8.372,119.45
1757230069706,9.547,104.74
1757230069715,9.227,108.38
1757230069723,8.158,122.57
1757230069731,8.320,120.20
1757230069740,8.292,120.60
1757230069748,8.295,120.55
1757230069756,8.494,117.73
1757230069765,8.885,112.54
1757230069773,7.786,128.43
1757230069782,8.839,113.14
1757230069790,8.455,118.27
1757230069799,8.957,111.65
1757230069808,9.003,111.08
1757230069817,8.361,119.60
1757230069825,8.610,116.14
1757230069834,9.047,110.54
1757230069843,8.350,119.76
1757230069851,8.107,123.35
1757230069859,8.670,115.35
1757230069868,8.462,118.17
1757230069877,8.977,111.39
1757230069885,8.682,115.18
1757230069894,8.424,118.70
1757230069902,8.341,119.89
1757230069911,8.333,120.00
1757230069920,8.963,111.57
1757230069928,8.112,123.28
1757230069936,8.241,121.34
1757230069944,8.431,118.61
1757230069952,8.211,121.78
1757230069961,8.728,114.58
1757230069971,9.427,106.08
1757230069979,7.966,125.53
1757230069987,8.688,115.11
1757230069995,8.375,119.40
1757230070004,8.398,119.08
1757230070013,8.308,120.37
1757230070022,8.997,111.14
1757230070030,8.487,117.82
1757230070038,8.374,119.41
1757230070047,8.305,120.42
1757230070055,8.336,119.97
1757230070065,9.875,101.27
1757230070073,8.028,124.57
1757230070081,8.520,117.37
1757230070090,8.953,111.69
1757230070099,8.505,117.58
1757230070107,8.202,121.93
1757230070116,8.917,112.15
1757230070124,7.883,126.86
1757230070132,8.307,120.38
1757230070141,9.436,105.98
1757230070149,7.756,128.93
1757230070158,8.316,120.25
1757230070166,8.527,117.28
1757230070174,8.160,122.56
1757230070183,8.542,117.06
1757230070191,8.330,120.05
1757230070199,8.259,121.08
1757230070208,8.530,117.23
1757230070216,8.142,122.82
1757230070225,8.577,116.59
1757230070233,8.131,122.98
1757230070244,11.489,87.04
1757230070251,6.055,165.15
1757230070259,9.226,108.39
1757230070266,6.899,144.95
1757230070275,9.152,109.27
1757230070284,8.127,123.05
1757230070294,9.910,100.91
1757230070302,7.642,130.85
1757230070309,8.180,122.25
1757230070319,9.300,107.53
1757230070326,7.902,126.56
1757230070336,9.626,103.88
1757230070345,8.765,114.10
1757230070352,6.943,144.03
1757230070361,9.124,109.60
1757230070369,8.361,119.61
1757230070378,8.314,120.28
1757230070387,8.826,113.30
1757230070396,9.457,105.74
1757230070403,7.191,139.05
1757230070413,9.268,107.89
1757230070421,7.875,126.98
1757230070429,8.724,114.62
1757230070438,8.463,118.16
1757230070447,8.958,111.64
1757230070453,7.327,136.48
1757230070462,8.383,119.29
1757230070471,8.606,116.20
1757230070480,9.177,108.97
1757230070488,8.522,117.34
1757230070497,8.944,111.81
1757230070505,7.854,127.33
1757230070514,8.340,119.91
1757230070522,8.319,120.21
1757230070531,8.496,117.70
1757230070539,8.418,118.80
1757230070549,9.836,101.67
1757230070557,8.245,121.28
1757230070566,8.918,112.13
1757230070575,8.429,118.64
1757230070583,8.230,121.51
1757230070591,9.263,107.96
1757230070599,7.510,133.15
1757230070608,8.340,119.90
1757230070616,8.345,119.84
1757230070624,8.416,118.83
1757230070633,8.240,121.36
1757230070643,9.482,105.46
1757230070649,7.185,139.17
1757230070658,8.333,120.00
1757230070666,8.375,119.40
1757230070674,8.384,119.28
1757230070683,8.287,120.67
1757230070692,9.098,109.91
1757230070702,9.457,105.75
1757230070709,8.429,118.64
1757230070718,8.033,124.49
1757230070726,8.348,119.79
1757230070736,9.225,108.40
1757230070743,8.817,113.42
1757230070751,7.533,132.74
1757230070761,9.006,111.04
1757230070769,9.047,110.53
1757230070778,8.156,122.61
1757230070786,8.429,118.63
1757230070796,9.850,101.52
1757230070804,7.503,133.29
1757230070812,8.329,120.06
1757230070821,9.118,109.68
1757230070829,8.457,118.25
1757230070838,8.840,113.12
1757230070848,9.179,108.95
1757230070855,7.496,133.40
1757230070864,8.338,119.93
1757230070872,8.733,114.51
1757230070882,9.195,108.76
1757230070890,8.076,123.83
1757230070899,9.094,109.97
1757230070906,7.573,132.04
1757230070915,8.548,116.99
1757230070922,8.143,122.81
1757230070931,8.329,120.06
1757230070940,8.434,118.57
1757230070949,9.234,108.30
1757230070956,7.323,136.56
1757230070964,8.317,120.23
1757230070973,8.423,118.72
1757230070981,8.592,116.38
1757230070990,8.302,120.45
1757230070999,9.181,108.92
1757230071006,7.509,133.17
1757230071015,9.100,109.89
1757230071024,8.830,113.26
1757230071033,7.896,126.65
1757230071042,9.723,102.85
1757230071049,7.420,134.77
1757230071058,8.347,119.81
1757230071066,8.312,120.30
1757230071075,8.973,111.44
1757230071084,8.320,120.19
1757230071092,9.032,110.72
1757230071101,8.058,124.11
1757230071109,8.814,113.45
1757230071118,9.094,109.97
1757230071127,8.264,121.00
1757230071135,8.324,120.14
1757230071145,9.747,102.60
1757230071153,7.465,133.97
1757230071162,9.183,108.90
1757230071169,7.885,126.83
1757230071178,8.364,119.56
1757230071186,8.308,120.36
1757230071195,9.152,109.26
1757230071203,7.505,133.25
1757230071212,8.946,111.78
1757230071220,8.140,122.86
1757230071229,8.926,112.03
1757230071238,8.801,113.62
1757230071247,9.247,108.14
1757230071254,7.157,139.72
1757230071262,8.312,120.30
1757230071271,8.694,115.02
1757230071279,8.038,124.41
1757230071287,8.526,117.28
1757230071296,8.982,111.33
1757230071303,7.580,131.92
1757230071312,8.590,116.41
1757230071321,8.664,115.42
1757230071330,8.392,119.17
1757230071338,8.104,123.40
1757230071347,9.323,107.26
1757230071355,7.990,125.16
1757230071364,8.332,120.01
1757230071371,8.457,118.25
1757230071380,8.372,119.44
1757230071389,8.258,121.10
1757230071398,9.123,109.62
1757230071405,7.660,130.55
1757230071413,8.211,121.79
1757230071422,8.735,114.48
1757230071431,9.058,110.40
1757230071440,8.344,119.85
1757230071449,9.090,110.01
1757230071456,7.482,133.66
1757230071465,9.221,108.45
1757230071474,9.019,110.88
1757230071483,7.735,129.29
1757230071490,8.302,120.45
1757230071499,9.595,104.22
1757230071507,7.407,135.01
1757230071516,8.378,119.36
1757230071525,8.632,115.85
1757230071533,8.050,124.22
1757230071541,9.361,106.82
1757230071550,7.604,131.50
1757230071558,8.282,120.74
1757230071566,8.406,118.97
1757230071576,9.388,106.52
1757230071584,8.029,124.55
1757230071594,10.384,96.30
1757230071601,6.608,151.34
1757230071609,8.349,119.77
1757230071617,8.292,120.60
1757230071626,8.491,117.77
1757230071634,8.288,120.66
1757230071643,9.105,109.83
1757230071651,7.552,132.41
1757230071659,8.362,119.59
1757230071667,8.381,119.32
1757230071676,8.924,112.05
1757230071684,7.936,126.00
1757230071693,9.059,110.39
1757230071701,7.503,133.29
1757230071710,8.745,114.35
1757230071718,8.678,115.24
1757230071727,8.491,117.77
1757230071736,8.879,112.62
1757230071744,8.835,113.18
1757230071752,7.440,134.42
1757230071760,8.346,119.82
1757230071769,8.317,120.24
1757230071776,8.468,118.09
1757230071785,8.402,119.01
1757230071794,8.956,111.65
1757230071802,7.575,132.02
1757230071811,9.166,109.09
1757230071819,8.325,120.12
1757230071829,9.541,104.82
1757230071837,7.932,126.08
1757230071846,9.434,106.00
1757230071854,7.490,133.51
1757230071862,8.330,120.05
1757230071871,9.116,109.70
1757230071880,8.229,121.53
1757230071888,8.288,120.65
1757230071897,9.180,108.94
1757230071905,7.459,134.08
1757230071913,8.371,119.46
1757230071921,8.330,120.05
1757230071930,8.562,116.80
1757230071938,8.201,121.94
1757230071947,9.087,110.05
1757230071955,7.613,131.36
1757230071963,8.224,121.59
1757230071971,8.335,119.98
1757230071980,8.399,119.07
1757230071988,8.262,121.04
1757230071997,9.182,108.90
1757230072005,7.599,131.59
1757230072013,8.259,121.08
1757230072021,8.659,115.48
1757230072030,8.405,118.98
1757230072038,8.178,122.27
1757230072047,9.156,109.21
1757230072055,7.522,132.94
1757230072063,8.294,120.57
1757230072072,8.468,118.09
1757230072080,8.295,120.56
1757230072089,9.209,108.59
1757230072098,9.177,108.97
1757230072106,7.495,133.42
1757230072114,8.338,119.94
1757230072122,8.329,120.07
1757230072131,8.732,114.52
1757230072139,7.948,125.82
1757230072149,9.518,105.06
1757230072156,7.296,137.07
1757230072164,8.223,121.62
1757230072172,8.423,118.72
1757230072181,9.055,110.44
1757230072190,8.216,121.71
1757230072199,9.079,110.14
1757230072206,7.499,133.35
1757230072215,8.540,117.09
1757230072223,8.158,122.58
1757230072232,8.772,114.00
1757230072239,7.877,126.96
1757230072249,9.212,108.56
1757230072257,7.906,126.48
1757230072266,8.723,114.64
1757230072275,9.146,109.34
1757230072282,7.899,126.59
1757230072292,9.071,110.24
1757230072299,7.641,130.87
1757230072308,9.101,109.88
1757230072317,8.330,120.06
1757230072326,9.130,109.53
1757230072334,8.047,124.28
1757230072344,9.695,103.15
1757230072351,7.106,140.73
1757230072359,8.796,113.68
1757230072368,8.327,120.09
1757230072376,8.419,118.77
1757230072384,8.279,120.79
1757230072394,9.155,109.23
1757230072402,7.651,130.70
1757230072410,8.612,116.12
1757230072419,8.657,115.51
1757230072427,8.100,123.45
1757230072435,8.333,120.01
1757230072444,9.090,110.01
1757230072452,7.538,132.66
1757230072459,8.316,120.25
1757230072468,8.464,118.15
1757230072476,8.439,118.49
1757230072485,8.332,120.03
1757230072494,9.063,110.34
1757230072502,7.742,129.17
1757230072512,9.218,108.49
1757230072519,8.307,120.38
1757230072528,8.391,119.17
1757230072536,8.510,117.51
1757230072545,9.242,108.20
1757230072553,7.519,132.99
1757230072561,8.479,117.94
1757230072570,8.421,118.75
1757230072578,8.375,119.40
1757230072586,8.231,121.49
1757230072596,9.659,103.53
1757230072604,7.544,132.55
1757230072612,8.333,120.00
1757230072621,8.889,112.50
1757230072631,9.403,106.35
1757230072638,7.865,127.14
1757230072648,9.276,107.81
1757230072655,7.704,129.80
1757230072664,8.899,112.37
1757230072673,8.335,119.98
1757230072681,8.740,114.42
1757230072690,8.667,115.38
1757230072699,8.963,111.56
1757230072706,7.502,133.29
1757230072715,8.945,111.80
1757230072724,8.551,116.94
1757230072733,8.605,116.21
1757230072742,9.511,105.14
1757230072749,7.399,135.15
1757230072758,9.181,108.92
1757230072767,8.277,120.81
1757230072775,8.309,120.35
1757230072784,8.237,121.40
1757230072792,9.169,109.07
1757230072801,7.993,125.11
1757230072808,7.925,126.19
1757230072817,8.250,121.21
1757230072826,8.996,111.16
1757230072834,7.963,125.59
1757230072843,9.233,108.31
1757230072851,8.156,122.61
1757230072859,8.123,123.10
1757230072867,8.443,118.44
1757230072876,8.378,119.36
1757230072885,8.484,117.87
1757230072893,8.949,111.74
1757230072901,7.780,128.53
1757230072912,10.143,98.60
1757230072919,7.878,126.93
1757230072929,9.671,103.40
1757230072937,7.784,128.47
1757230072946,9.313,107.38
1757230072954,7.446,134.30
1757230072962,8.274,120.86
1757230072970,8.491,117.77
1757230072979,8.648,115.63
1757230072988,8.425,118.70
1757230072997,8.989,111.24
1757230073004,7.626,131.13
1757230073013,8.412,118.87
1757230073021,8.700,114.95
1757230073030,8.402,119.03
1757230073038,8.249,121.23
1757230073047,9.117,109.68
1757230073055,7.653,130.66
1757230073063,8.339,119.93
1757230073072,8.338,119.94
1757230073080,8.452,118.32
1757230073088,8.229,121.52
1757230073097,9.161,109.16
1757230073105,8.413,118.86
1757230073114,8.119,123.17
1757230073122,8.361,119.60
1757230073131,8.685,115.14
1757230073139,8.160,122.55
1757230073148,9.109,109.78
1757230073155,7.392,135.28
1757230073164,8.371,119.46
1757230073172,8.861,112.86
1757230073181,8.105,123.38
1757230073189,8.348,119.78
1757230073198,9.154,109.25
1757230073206,7.441,134.40
1757230073214,8.341,119.88
1757230073222,8.747,114.33
1757230073231,8.581,116.54
1757230073239,8.198,121.99
